{
  "timestamp": "2026-05-12T17:38:26.844811",
  "frame": 1350,
  "pets": 1,
  "deteccoes": [
    {
      "classe": "dog",
      "confianca": 0.7997562289237976,
      "box": [
        391,
        112,
        833,
        711
      ]
    }
  ]
}