{
  "timestamp": "2026-05-12T17:38:11.864358",
  "frame": 1050,
  "pets": 1,
  "deteccoes": [
    {
      "classe": "dog",
      "confianca": 0.6992924809455872,
      "box": [
        428,
        196,
        965,
        711
      ]
    }
  ]
}