{
  "timestamp": "2026-05-12T17:38:49.000803",
  "frame": 1800,
  "pets": 1,
  "deteccoes": [
    {
      "classe": "dog",
      "confianca": 0.4662524461746216,
      "box": [
        545,
        1,
        1278,
        710
      ]
    }
  ]
}