{
  "timestamp": "2026-05-12T17:38:19.339780",
  "frame": 1200,
  "pets": 1,
  "deteccoes": [
    {
      "classe": "dog",
      "confianca": 0.5378190279006958,
      "box": [
        432,
        110,
        973,
        707
      ]
    }
  ]
}