{
  "timestamp": "2026-05-12T17:39:50.851079",
  "frame": 2850,
  "pets": 1,
  "deteccoes": [
    {
      "classe": "dog",
      "confianca": 0.5108188986778259,
      "box": [
        664,
        388,
        1032,
        713
      ]
    }
  ]
}