{
  "timestamp": "2026-05-12T17:39:34.191744",
  "frame": 2550,
  "pets": 1,
  "deteccoes": [
    {
      "classe": "dog",
      "confianca": 0.7299942970275879,
      "box": [
        699,
        325,
        1070,
        712
      ]
    }
  ]
}